location,checkout,dairy,drinks,fruit,spices
checkout,1.0,0.0,0.0,0.0,0.0
dairy,0.10364372469635627,0.7395411605937922,0.05668016194331984,0.05236167341430499,0.04777327935222672
drinks,0.2224,0.011733333333333333,0.5861333333333333,0.0864,0.09333333333333334
fruit,0.19879518072289157,0.0884789156626506,0.051957831325301206,0.6080572289156626,0.05271084337349398
spices,0.15281899109792285,0.18916913946587538,0.15578635014836795,0.08827893175074183,0.413946587537092
