location,checkout,dairy,drinks,fruit,spices
checkout,1.0,0.0,0.0,0.0,0.0
dairy,0.08984263233190272,0.7439198855507868,0.06237482117310444,0.05150214592274678,0.05236051502145923
drinks,0.20810942843185148,0.011235955056179775,0.6106497313141183,0.09086468001954079,0.07914020517830972
fruit,0.20641125879593433,0.08795934323690383,0.0508209538702111,0.6071149335418295,0.04769351055512119
spices,0.1457654723127036,0.19136807817589577,0.1767100977198697,0.09690553745928339,0.38925081433224756
