location,checkout,dairy,drinks,fruit,spices
checkout,1.0,0.0,0.0,0.0,0.0
dairy,0.10342713967355133,0.7367499225190798,0.0585972155087921,0.04983408858755484,0.0513916337110219
drinks,0.21618773920737339,0.010903333803420031,0.5979582582377418,0.0879330105710419,0.08701765818042281
fruit,0.2019767924806776,0.09601262580967661,0.05479065422487396,0.5964976231383243,0.05072230434644746
spices,0.15049333742278,0.19360991298439076,0.1631211779563761,0.09088691687776532,0.40188865475868774
